Transaction Date,Posted Date,Card No.,Description,Category,Debit,Credit
2026-08-27,2026-08-28,9703,AMAZON MKTPLACE PMTS,Merchandise,,14.55
2026-08-27,2026-08-28,9703,TST* MG FOODS,Other,4.36,
2026-08-25,2026-08-26,9703,FACEBK *84Z7GZ5W62,Professional Services,46.61,
2026-08-25,2026-08-26,8885,LIDL GB WOOLWICH,Merchandise,1.35,
2026-08-25,2026-08-26,8885,LIDL GB WOOLWICH,Merchandise,3.54,
2026-08-25,2026-08-26,8885,SAINSBURYS S/MKTS,Merchandise,19.74,
2026-08-25,2026-08-26,8885,UNITED BUTCHERS LTD,Merchandise,9.55,
2026-08-23,2026-08-25,4305,7-ELEVEN 10653,Gas/Automotive,30.24,
2026-08-23,2026-08-24,9703,TST* CONTINUES NEW,Dining,5.27,
2026-08-22,2026-08-24,9703,TRADER JOE S #646,Merchandise,46.19,
2026-08-22,2026-08-24,9703,FAIR PRICE GROCERY AND H,Merchandise,54.41,
2026-08-21,2026-08-22,9703,NAIFCENTER DONATION,Other Services,10.00,
2026-08-20,2026-08-22,7539,SUBDELI,Dining,4.66,
2026-08-20,2026-08-22,7539,SIROC,Dining,17.11,
2026-08-21,2026-08-22,4305,ETIHADAIR   6074421514862,Airfare,35.83,
2026-08-20,2026-08-21,9703,FACEBK *YKJKE2JV64,Professional Services,46.60,
2026-08-20,2026-08-21,8885,LIDL GB WOOLWICH,Merchandise,2.20,
2026-08-20,2026-08-21,8885,SAINSBURYS S/MKTS,Merchandise,7.50,
2026-08-20,2026-08-21,8885,SAINSBURYS S/MKTS,Merchandise,6.14,
2026-08-19,2026-08-20,9703,SQ *JIFFY LUBE LIVE,Dining,10.90,
2026-08-19,2026-08-20,9703,SQ *JIFFY LUBE LIVE,Dining,18.26,
2026-08-19,2026-08-20,9703,7-ELEVEN 10653,Gas/Automotive,42.18,
2026-08-19,2026-08-20,9703,AMAZON MKTPL*5A1VN2BE0,Merchandise,28.15,
2026-08-19,2026-08-20,9703,AMAZON MKTPL*5A9AG6PR2,Merchandise,14.55,
2026-08-18,2026-08-19,9703,REGAL CINEMAS INC,Entertainment,35.98,
2026-08-19,2026-08-19,9703,Microsoft*Microsoft 365 B,Entertainment,1.99,
2026-08-18,2026-08-19,9703,FACEBK *YUFVKZHV62,Professional Services,46.60,
2026-08-16,2026-08-17,9703,HARRIS TEETER #0085,Merchandise,20.68,
2026-08-16,2026-08-17,9703,"Lulu Press, Inc.",Merchandise,4.99,
2026-08-16,2026-08-17,9703,TST* TED'S BULLETIN RESTO,Dining,133.12,
2026-08-16,2026-08-17,9703,AMAZON MKTPL*5A6J754E1,Merchandise,59.95,
2026-08-16,2026-08-17,9703,AMAZON MKTPL*5A61K44P1,Merchandise,9.53,
2026-08-16,2026-08-17,8885,ZETTLE_*SWISS BUTTER H,Dining,37.24,
2026-08-14,2026-08-15,9703,FAIR PRICE GROCERY AND H,Merchandise,9.69,
2026-08-14,2026-08-15,9703,FAIR PRICE GROCERY AND H,Merchandise,32.67,
2026-08-13,2026-08-15,9703,METRO,Other Travel,6.75,
2026-08-13,2026-08-15,9703,METRO,Other Travel,6.75,
2026-08-14,2026-08-14,9703,FACEBK *TBNV4Y5W62,Professional Services,46.59,
2026-08-11,2026-08-12,9703,SQ *PAKACHI KITCHEN LLC,Dining,32.86,
2026-08-12,2026-08-12,9703,FACEBK *S46KEX9W62,Professional Services,0.02,
2026-08-12,2026-08-12,9703,FACEBK *SVUBR2NV64,Professional Services,23.52,
2026-08-11,2026-08-12,4305,CROCS INC,Merchandise,57.41,
2026-08-09,2026-08-11,9703,TRADER JOE S #646,Merchandise,23.89,
2026-08-09,2026-08-11,4305,7-ELEVEN 10653,Gas/Automotive,39.99,
2026-08-09,2026-08-10,9703,HOMEGOODS #0636,Merchandise,15.12,
2026-08-08,2026-08-10,9703,EZPASSVA AUTO REPLENISH,Gas/Automotive,70.00,
2026-08-08,2026-08-10,9703,WEGMANS RESTON 146,Merchandise,44.52,
2026-08-08,2026-08-10,9703,FILOMENA RISTORANTE,Dining,148.88,
2026-08-07,2026-08-08,9703,TOUS LES JOURS - RESTON,Dining,53.90,
2026-08-08,2026-08-08,9703,TST* PARIS BAGUETTE - 401,Dining,38.47,
2026-08-07,2026-08-08,9703,WEGMANS RESTON 146,Merchandise,16.96,
2026-08-07,2026-08-08,9703,TOWN BARBERSHOP,Other Services,26.00,
2026-08-06,2026-08-08,9703,METRO,Other Travel,6.75,
2026-08-06,2026-08-08,9703,METRO,Other Travel,6.75,
2026-08-07,2026-08-08,8885,SAINSBURYS S/MKTS,Merchandise,33.24,
2026-08-07,2026-08-07,9703,AMAZON PRIME*468WY0XG3,Other Services,7.49,
2026-08-05,2026-08-07,9703,METRO,Other Travel,6.75,
2026-08-05,2026-08-07,9703,METRO,Other Travel,6.75,
2026-08-06,2026-08-07,4305,FAIR PRICE GROCERY AND H,Merchandise,14.15,
2026-08-05,2026-08-06,9703,SUBWAY 48526,Dining,19.41,
2026-08-05,2026-08-06,9703,THE FLOWER STUDIO,Merchandise,29.98,
2026-08-04,2026-08-05,9703,HARRIS TEETER #0085,Merchandise,1.28,
2026-08-03,2026-08-04,9703,HARRIS TEETER #0085,Merchandise,7.06,
2026-08-03,2026-08-04,9703,GOOGLE *Google One,Internet,4.99,
2026-08-03,2026-08-04,9703,PCRF.NET,Other Services,5.00,
2026-08-02,2026-08-04,4305,SHEIN.COM,Merchandise,16.38,
2026-08-03,2026-08-04,4305,Refund Globalblue.com,Other,,78.94
2026-08-02,2026-08-03,9703,CAPITAL ONE AUTOPAY PYMT,Payment/Credit,,1309.36
2026-08-02,2026-08-03,4305,NH SANTS BARCELONA,Lodging,353.21,
2026-08-01,2026-08-03,9703,MAN O SALVA,Dining,12.13,
2026-08-01,2026-08-03,9703,TIGER COMTAL BARCELONA,Merchandise,2.31,
2026-08-01,2026-08-03,9703,MALAYSIAN STREET DELIGHTS,Dining,39.73,
2026-08-01,2026-08-03,9703,CATALUNA MIAH S.L.,Merchandise,4.50,
2026-08-01,2026-08-03,9703,ALEHOP 439 BARCELONA POR,Merchandise,12.70,
2026-08-01,2026-08-03,9703,PRIMOR PORTAL,Merchandise,27.66,
2026-08-01,2026-08-03,9703,SAO PARK GUELL,Merchandise,5.54,
2026-07-31,2026-08-03,9703,SUPERMERCAT PRODUCTO LATI,Merchandise,16.64,
2026-08-01,2026-08-03,9703,ALCAMPO TRAVESERA,Merchandise,1.15,
2026-07-31,2026-08-01,9703,SQ *BEJAUS CAFE,Dining,20.19,
2026-07-31,2026-08-01,9703,MESON BARCELONETA,Dining,28.73,
2026-07-31,2026-08-01,9703,ALDI NUMANCIA,Merchandise,0.57,
2026-07-31,2026-08-01,9703,METRO BARCELONA,Other Travel,31.15,
2026-07-31,2026-08-01,9703,SUPERMERCAT QURESHI,Merchandise,1.67,
2026-07-31,2026-08-01,9703,BCN MEMORIES,Merchandise,2.31,
2026-07-31,2026-08-01,9703,BO&MIE,Merchandise,9.17,
2026-07-30,2026-08-01,9703,EMPRESA MALAGUENA DE TRAN,Other Travel,1.62,
2026-07-30,2026-07-31,9703,BARAKAT DEL SUR,Merchandise,20.54,
2026-07-30,2026-07-31,9703,SOUVENIRS DEL SOL,Merchandise,4.59,
2026-07-30,2026-07-31,9703,KIMCHIBOWL,Dining,34.88,
2026-07-30,2026-07-31,9703,EL RANCHO DE LULU,Merchandise,1.72,
2026-07-30,2026-07-31,9703,PRIMOR MARQUES,Merchandise,34.42,
2026-07-29,2026-07-31,9703,MP**EXPALAMEDAPPAL2,Merchandise,15.01,
2026-07-29,2026-07-30,9703,ARTESANIA ASIL SL,Merchandise,3.42,
2026-07-29,2026-07-30,9703,SOUVENIR EL SUR,Merchandise,5.70,
2026-07-29,2026-07-30,9703,BAZAR AL-ANDALUS,Merchandise,6.84,
2026-07-29,2026-07-30,9703,RESTAURANTE KIOTO,Dining,37.75,
2026-07-29,2026-07-30,9703,NUEVO MUNDO,Merchandise,2.28,
2026-07-29,2026-07-30,9703,SUMUP  *OUTLET MARCAS,Other,15.97,
2026-07-29,2026-07-30,9703,MARIA DOLORES ESPIGARES R,Merchandise,4.56,
2026-07-29,2026-07-30,8885,LIDL GB WOOLWICH,Merchandise,6.74,
2026-07-28,2026-07-29,9703,RED & GO CORDOBA,Merchandise,2.06,
2026-07-28,2026-07-29,9703,MINIMARKET,Merchandise,3.20,
2026-07-28,2026-07-29,9703,TETERIA BAGDAD,Merchandise,29.12,
2026-07-28,2026-07-29,9703,ARTESANIAS MEDINA,Merchandise,4.34,
2026-07-28,2026-07-29,9703,HELADERIA QUEEN,Dining,4.34,
2026-07-27,2026-07-29,9703,EMPRESA MUNICIPAL EMT,Other Travel,1.71,
2026-07-28,2026-07-29,9703,DAMASCO,Dining,33.92,
2026-07-28,2026-07-29,9703,A y B MDTX6M7R,Merchandise,2.57,
2026-07-28,2026-07-29,9703,LOCKHERENOW.COM,Other Services,12.45,
2026-07-28,2026-07-29,9703,BRIEF ATOCHA,Dining,6.97,
2026-07-27,2026-07-29,9703,METRO DE MADRID S.A.,Other Travel,1.71,
2026-07-27,2026-07-29,9703,METRO DE MADRID S.A.,Other Travel,1.71,
2026-07-28,2026-07-29,9703,AUCORSA,Other Travel,1.48,
2026-07-27,2026-07-29,4305,EMPRESA MUNICIPAL EMT,Other Travel,1.71,
2026-07-28,2026-07-28,9703,LOCKHERENOW.COM,Other Services,18.16,
2026-07-27,2026-07-28,9703,CAPITAN CONTRERAS,Dining,7.07,
2026-07-27,2026-07-28,9703,RUKSAR BAZAR,Merchandise,2.96,
2026-07-27,2026-07-28,9703,UNDERSTREET MARKET,Dining,47.16,
2026-07-27,2026-07-28,9703,KIOSKO DE PRENSA MAYOR 5,Merchandise,2.22,
2026-07-27,2026-07-28,9703,CAFE DEL PRADO,Dining,10.83,
2026-07-27,2026-07-28,9703,HNOS POLLO,Dining,9.69,
2026-07-27,2026-07-28,9703,CRAB CRAB CRAB,Dining,18.24,
2026-07-27,2026-07-28,9703,GOCONUT,Merchandise,4.50,
2026-07-27,2026-07-28,9703,MUSEO DEL PRADO,Entertainment,17.10,
2026-07-26,2026-07-27,9703,KLONDIKE CAMISETAS,Merchandise,13.68,
2026-07-26,2026-07-27,9703,COTTI COFFEE,Dining,4.79,
2026-07-26,2026-07-27,9703,61209 RESTO DE ESPANA,Merchandise,11.39,
2026-07-26,2026-07-27,9703,KFC HERON CITY,Dining,11.96,
2026-07-26,2026-07-27,9703,SAPORITO,Dining,16.53,
2026-07-26,2026-07-27,9703,AUTO PERIFERIA S.A.,Other Travel,6.84,
2026-07-26,2026-07-27,9703,ALIMENTACION ZHU CHUNE,Merchandise,3.82,
2026-07-26,2026-07-27,4305,GUCCI,Merchandise,684.12,
2026-07-26,2026-07-27,9703,WWW.NOMADESIM.COM,Internet,11.00,
2026-07-24,2026-07-27,9703,NOSOLO ITALIA BELEM,Dining,9.37,
2026-07-25,2026-07-27,9703,SHAMI KEBAB & PIZZA,Dining,7.98,
2026-07-25,2026-07-27,9703,SHAMI KEBAB & PIZZA,Dining,7.98,
2026-07-25,2026-07-27,9703,AlimentacionBazar,Other,10.20,
2026-07-25,2026-07-27,9703,IBERIA LAE SA OPERADORA,Airfare,45.76,
2026-07-25,2026-07-27,9703,BOLT.EUO2607250925,Other Travel,18.81,
2026-07-24,2026-07-25,9703,AMAZON MKTPL*3S6YI0Z93,Merchandise,26.49,
2026-07-24,2026-07-25,9703,REST QAISER RAZZAQ,Dining,13.81,
2026-07-22,2026-07-25,9703,NOS CINEMAS APP,Merchandise,30.86,
2026-07-24,2026-07-25,9703,KFC COLOMBO,Dining,15.44,
2026-07-24,2026-07-25,9703,KFC COLOMBO,Dining,0.24,
2026-07-24,2026-07-24,9703,LUXFRAGIL,Dining,9.15,
2026-07-23,2026-07-24,9703,AMAZON MKTPL*TL1GF9R73,Merchandise,10.58,
2026-07-23,2026-07-24,9703,GALERIA DE NATA,Dining,7.87,
2026-07-22,2026-07-23,9703,FOX ONE MONTHLY,Internet,19.99,
2026-07-20,2026-07-22,9703,MA S PAULO,Merchandise,5.99,
2026-07-19,2026-07-21,9703,BY NUNES,Merchandise,6.01,
2026-07-19,2026-07-21,9703,COMPANHIA CARRIS DE -00,Other Travel,2.63,
2026-07-18,2026-07-20,9703,AVENIDA BAR,Merchandise,2.29,
2026-07-19,2026-07-20,9703,MEGA DIVE,Other Services,84.19,
2026-07-19,2026-07-20,9703,Spotcaffe,Dining,8.93,
2026-07-19,2026-07-20,9703,Microsoft*Microsoft 365 B,Entertainment,1.99,
2026-07-18,2026-07-20,9703,AMAZON MKTPL*O05WU3WX3,Merchandise,5.79,
2026-07-18,2026-07-20,9703,PARQUES DE SINTRA,Entertainment,1.92,
2026-07-18,2026-07-20,9703,CAFECOP 4234,Merchandise,2.41,
2026-07-18,2026-07-20,9703,GLOVO18JUL LIAFURQZA,Dining,20.42,
2026-07-17,2026-07-18,9703,UITGEVERIJ SCHORS V.O.F.,Merchandise,22.38,
2026-07-17,2026-07-18,9703,Centraal Souvenir,Merchandise,4.77,
2026-07-14,2026-07-15,9703,AIRALO,Entertainment,49.00,
2026-07-14,2026-07-14,9703,AMAZON RETA* 1P20898W3,Merchandise,25.44,
2026-07-12,2026-07-13,9703,AMTRAK NRTHEAST CAFE Q12,Dining,8.50,
2026-07-12,2026-07-13,9703,BROWN BEE COFFEE,Dining,15.12,
2026-07-11,2026-07-13,9703,TST*MONAHANS CLAM SHACK,Dining,51.81,
2026-07-12,2026-07-13,9703,Kilwins Newport,Dining,2.71,
2026-07-11,2026-07-13,9703,TST*THE BLACK PEARL,Dining,27.00,
2026-07-11,2026-07-13,9703,On Inc,Merchandise,132.51,
2026-07-10,2026-07-11,9703,TST*FLOUR BAKERY & CAFE,Dining,21.94,
2026-07-10,2026-07-11,9703,I AM Books,Merchandise,6.48,
2026-07-09,2026-07-11,9703,METRO,Other Travel,6.75,
2026-07-10,2026-07-10,9703,COOL LICKS CREAMERY,Dining,7.63,
2026-07-08,2026-07-10,9703,METRO,Other Travel,6.75,
2026-07-08,2026-07-10,9703,METRO,Other Travel,6.75,
2026-07-08,2026-07-08,9703,AMAZON MKTPL*HD6O94ZL3,Merchandise,21.72,
2026-07-07,2026-07-08,9703,PRIMARK TYSONS CORNER 116,Merchandise,26.50,
2026-07-07,2026-07-08,9703,7-ELEVEN 10653,Gas/Automotive,44.83,
2026-07-07,2026-07-08,9703,BRFACTORY.COM,Merchandise,121.50,
2026-07-06,2026-07-08,9703,AMAZON MKTPLACE PMTS,Merchandise,,11.70
2026-07-06,2026-07-07,9703,HARRIS TEETER #0085,Merchandise,4.03,
2026-07-06,2026-07-07,9703,WORLDGATE CLEANER,Other Services,7.50,
2026-07-05,2026-07-07,9703,TST*CALL YOUR MOTHER - G,Dining,28.16,
2026-07-05,2026-07-06,9703,SQ *CAFE #65191 GEORGETOW,Dining,3.85,
2026-07-05,2026-07-06,9703,TST* SECRET SPOT,Dining,15.90,
2026-07-03,2026-07-06,9703,EXXON NIRVAIR INCORPOR,Gas/Automotive,46.13,
2026-07-04,2026-07-06,9703,TST* SILVER DINER - TYSON,Dining,122.71,
2026-07-04,2026-07-06,8885,Exotic Foods,Merchandise,26.77,
2026-07-03,2026-07-04,9703,NAIF,Other,100.00,
2026-07-03,2026-07-04,9703,FAIR PRICE GROCERY AND H,Merchandise,8.06,
2026-07-04,2026-07-04,9703,Google One,Internet,4.99,
2026-07-03,2026-07-04,9703,PCRF.NET,Other Services,5.00,
2026-07-02,2026-07-03,9703,AMAZON MKTPL*ZY3IQ6BB3,Merchandise,23.31,
2026-07-02,2026-07-03,9703,CAPITAL ONE MOBILE PYMT,Payment/Credit,,1000.00
2026-07-02,2026-07-02,9703,CAPITAL ONE AUTOPAY PYMT,Payment/Credit,,2257.66
2026-07-01,2026-07-02,9703,METRO,Other Travel,6.75,
2026-07-02,2026-07-02,9703,METRO,Other Travel,6.75,
2026-07-01,2026-07-02,9703,OLIVE EXPRESS MEDITERRAN,Dining,47.33,
2026-07-01,2026-07-02,8885,Shah halal meat,Dining,11.04,
2026-06-30,2026-07-01,9703,AGODA OFFER F98950,Payment/Credit,,0.01
2026-06-29,2026-06-30,9703,SQ *PAKACHI KITCHEN LLC,Dining,79.50,
2026-06-26,2026-06-29,9703,Lals Chocolates,Merchandise,13.67,
2026-06-26,2026-06-29,9703,Lals Chocolates,Merchandise,14.39,
2026-06-28,2026-06-29,9703,ALSA INTERNET,Other Travel,26.30,
2026-06-28,2026-06-29,9703,AMAZON MKTPL*9X7UG3I53,Merchandise,12.60,
2026-06-28,2026-06-29,7539,TOOSO,Dining,10.07,
2026-06-27,2026-06-29,4305,7-ELEVEN 10653,Gas/Automotive,45.28,
2026-06-26,2026-06-29,9703,AMPLIFI LLC,Other Services,48.50,
2026-06-26,2026-06-27,9703,NAIF,Other,20.00,
2026-06-26,2026-06-27,9703,G.C. SHOP,Merchandise,12.00,
2026-06-26,2026-06-27,9703,OMIO USD,Other Travel,23.86,
2026-06-26,2026-06-27,9703,OMIO USD,Other Travel,23.86,
2026-06-26,2026-06-27,9703,ALSA INTERNET,Other Travel,28.47,
2026-06-25,2026-06-26,9703,PMUSA 758021 WASHINGTO,Gas/Automotive,1.25,
2026-06-26,2026-06-26,9703,AMAZON MKTPL*O719C9AT3,Merchandise,26.98,
2026-06-25,2026-06-26,9703,VUELING AIRLINES,Airfare,56.93,
2026-06-25,2026-06-26,9703,WALMART.COM,Merchandise,52.76,
2026-06-25,2026-06-26,9703,AMAZON MKTPL*OZ27X47S3,Merchandise,56.04,
2026-06-25,2026-06-25,9703,Hotel*9092927133718,Other Travel,,142.26
2026-06-24,2026-06-24,9703,AMAZON RETA* EU07Z0CK3,Merchandise,29.67,
2026-06-22,2026-06-24,9703,TST*OCHA THAI KITCHEN &,Dining,59.05,
2026-06-23,2026-06-24,4305,FAIR PRICE GROCERY AND H,Merchandise,31.54,
2026-06-22,2026-06-23,9703,FOX ONE MONTHLY,Internet,19.99,
2026-06-21,2026-06-22,9703,HARRIS TEETER #0085,Merchandise,4.98,
2026-06-20,2026-06-22,9703,C & C FROZEN TREATS LLC,Dining,4.23,
2026-06-18,2026-06-20,4305,7-ELEVEN 10653,Gas/Automotive,39.75,
2026-06-19,2026-06-19,9703,Microsoft*Microsoft 365 B,Entertainment,1.99,
2026-06-17,2026-06-18,9703,AMTRAK MOBILE,Other Travel,174.00,
2026-06-16,2026-06-18,9703,METRO,Other Travel,6.75,
2026-06-16,2026-06-18,9703,METRO,Other Travel,6.75,
2026-06-16,2026-06-17,9703,SQ *PAKACHI KITCHEN LLC,Dining,38.16,
2026-06-16,2026-06-17,9703,AMAZON MKTPL*0V4EJ08E3,Merchandise,7.41,
2026-06-15,2026-06-16,9703,TST* SILVER DINER - FAIR,Dining,45.21,
2026-06-14,2026-06-15,9703,WHOLEFDS RTC 10827,Merchandise,4.72,
2026-06-14,2026-06-15,9703,SQ *MAIN STREET DAILY GRI,Dining,4.92,
2026-06-14,2026-06-15,9703,TST* YELLOW - GEORGETOWN,Dining,26.06,
2026-06-13,2026-06-15,9703,HARRIS TEETER #0085,Merchandise,9.08,
2026-06-13,2026-06-15,9703,TST* WISEGUY PIZZA - ROSS,Dining,32.18,
2026-06-12,2026-06-15,9703,TST*SOFTSPOT,Dining,14.50,
2026-06-12,2026-06-13,9703,NAIF,Other,15.00,
2026-06-13,2026-06-13,9703,FH* FLETCHERS BOATHOUS,Entertainment,38.08,
2026-06-10,2026-06-12,9703,TST*HARAZ COFFEE - FAIRF,Dining,8.80,
2026-06-11,2026-06-12,4305,FAIR PRICE GROCERY AND H,Merchandise,28.52,
2026-06-11,2026-06-11,9703,AMAZON MKTPL*DH7GE4P73,Merchandise,74.08,
2026-06-10,2026-06-11,9703,7-ELEVEN 10653,Gas/Automotive,37.01,
2026-06-09,2026-06-11,9703,METRO,Other Travel,6.75,
2026-06-09,2026-06-11,9703,METRO,Other Travel,6.75,
2026-06-10,2026-06-11,8885,HM,Merchandise,104.84,
2026-06-10,2026-06-11,8885,NEXT RETAIL LTD,Merchandise,57.95,
2026-06-10,2026-06-11,8885,STRATFORD WESTFIELD,Merchandise,,26.72
2026-06-09,2026-06-10,9703,SWEET FROG 300329,Dining,5.39,
2026-06-08,2026-06-09,9703,HARRIS TEETER #0085,Merchandise,5.85,
2026-06-07,2026-06-08,9703,TJ MAXX #851,Merchandise,183.31,
2026-06-07,2026-06-08,9703,AMAZON MKTPL*R36RT4MP3,Merchandise,40.30,
2026-06-07,2026-06-08,9703,AMAZON MKTPL*X74DQ5PI3,Merchandise,10.59,
2026-06-07,2026-06-08,9703,TST* NAZ'S HALAL FOOD - C,Dining,21.42,
2026-06-07,2026-06-08,8885,Incognito,Dining,31.20,
2026-06-06,2026-06-08,9703,ALFA PAYMENT GATEWAY,Merchandise,17.98,
2026-06-06,2026-06-06,9703,CAPITAL ONE MEMBER FEE,Fee/Interest Charge,395.00,
2026-06-05,2026-06-06,9703,NAIF,Other,20.00,
2026-06-05,2026-06-06,9703,AMAZON MKTPL*173P65J13,Merchandise,84.78,
2026-06-04,2026-06-05,8885,NEW ROAD KITCHEN LTD,Dining,15.84,
2026-06-03,2026-06-05,4305,SUNOCO 8001672402,Gas/Automotive,40.24,
2026-06-03,2026-06-04,9703,Google One,Entertainment,3.99,
2026-06-03,2026-06-04,9703,PCRF.NET,Other Services,5.00,
2026-06-03,2026-06-04,4305,COSTCO WHSE #0204,Merchandise,12.29,
2026-06-01,2026-06-03,9703,POTBELLY #61,Dining,16.15,
2026-06-02,2026-06-02,9703,CAPITAL ONE AUTOPAY PYMT,Payment/Credit,,2468.09
2026-05-31,2026-06-01,9703,SWEETFROG 35002,Dining,7.13,
2026-05-31,2026-06-01,9703,PRIMARK TYSONS CORNER 116,Merchandise,10.60,
2026-05-29,2026-05-30,9703,NAIF,Other,20.00,
2026-05-28,2026-05-29,9703,HARRIS TEETER #0085,Merchandise,7.26,
2026-05-28,2026-05-29,9703,SQ *TIFFIN HUT,Dining,5.49,
2026-05-28,2026-05-29,9703,FAIR PRICE GROCERY AND H,Merchandise,37.76,
2026-05-28,2026-05-29,9703,RENFE VIRTUAL INTERNET,Other Travel,139.96,
2026-05-28,2026-05-29,9703,TAP Portugal0477445065704,Airfare,163.30,
2026-05-28,2026-05-29,9703,TST* QAMARIA YEMENI COFFE,Dining,4.77,
2026-05-28,2026-05-28,9703,Hotel*9092927133718,Other Travel,142.26,
2026-05-27,2026-05-28,9703,PMUSA 758021 WASHINGTO,Gas/Automotive,2.75,
2026-05-26,2026-05-27,9703,SQ *TIFFIN HUT,Dining,5.49,
2026-05-26,2026-05-27,9703,AMAZON RETA* VV2LK8823,Merchandise,83.93,
2026-05-24,2026-05-25,8885,GAIL'S WOOLWICH,Dining,12.12,
2026-05-22,2026-05-23,9703,NAIFCENTER DONATION,Other Services,10.00,
2026-05-21,2026-05-22,9703,IBI*FABLETICS.COM,Other Services,71.00,
2026-05-20,2026-05-22,9703,METRO,Other Travel,6.75,
2026-05-20,2026-05-22,9703,METRO,Other Travel,6.75,
2026-05-20,2026-05-21,9703,HARRIS TEETER #0085,Merchandise,11.65,
2026-05-19,2026-05-21,9703,FIRST WATCH 1130 PAT,Dining,39.45,
2026-05-19,2026-05-19,9703,MICROSOFT*MICROSOFT 365 B,Entertainment,1.99,
2026-05-18,2026-05-19,9703,TST* POPUP BAGELS - WASHI,Dining,16.50,
2026-05-18,2026-05-18,9703,AMAZON MKTPL*BF7GN6MC0,Merchandise,31.62,
2026-05-17,2026-05-18,9703,SQ *CAFE #65191 GEORGETOW,Dining,3.44,
2026-05-16,2026-05-18,9703,SQ *MG FOODS,Dining,37.87,
2026-05-15,2026-05-16,9703,NAIF,Other,10.00,
2026-05-15,2026-05-16,9703,AMC 0367 WORLDGATE 9,Entertainment,33.98,
2026-05-15,2026-05-16,4305,7-ELEVEN 10653,Gas/Automotive,40.22,
2026-05-12,2026-05-15,9703,COURTYARD REDWOOD CITY,Lodging,352.20,
2026-05-14,2026-05-15,4305,LinkedIn*P3017894305,Other Services,67.86,
2026-05-11,2026-05-12,9703,EZPASSVA AUTO REPLENISH,Gas/Automotive,70.00,
2026-05-10,2026-05-11,9703,FAIR PRICE GROCERY AND H,Merchandise,13.11,
2026-05-09,2026-05-11,9703,EXXON 8006 MECHANICSVI,Gas/Automotive,47.68,
2026-05-09,2026-05-11,9703,EINSTEIN BAGEL 4165 V,Dining,29.64,
2026-05-09,2026-05-11,9703,7-ELEVEN 10653,Gas/Automotive,35.04,
2026-05-09,2026-05-11,9703,Atlantic Park Surf,Other,12.72,
2026-05-08,2026-05-09,9703,NAIFCENTER DONATION,Other Services,10.00,
2026-05-08,2026-05-09,9703,WORLDGATE CLEANER,Other Services,16.50,
2026-05-07,2026-05-09,9703,TST*KANOON,Dining,45.58,
2026-05-08,2026-05-08,9703,Atlantic Park Surf,Other,286.00,
2026-05-07,2026-05-08,9703,METRO,Other Travel,6.75,
2026-05-06,2026-05-08,9703,METRO,Other Travel,6.75,
2026-05-06,2026-05-08,4305,7-ELEVEN 10653,Gas/Automotive,35.19,
2026-05-05,2026-05-07,9703,UNITED      0162399895350,Airfare,1006.80,
2026-05-04,2026-05-06,9703,METRO,Other Travel,6.75,
2026-05-04,2026-05-06,9703,METRO,Other Travel,6.75,
2026-05-04,2026-05-06,9703,TST*KARAHI BOYS STERLING,Dining,37.05,
2026-05-04,2026-05-05,9703,SQ *MG FOODS,Dining,2.12,
2026-05-04,2026-05-05,8885,WAGAMAMA TOWER HILL,Dining,36.68,
2026-05-03,2026-05-04,9703,FAIR PRICE GROCERY AND H,Merchandise,27.67,
2026-05-03,2026-05-04,9703,GOOGLE *Google One,Internet,3.99,
2026-05-04,2026-05-04,9703,AMAZON RETA* BJ66K1AN0,Merchandise,36.03,
2026-05-03,2026-05-04,9703,Google One,Entertainment,,1.93
2026-05-03,2026-05-04,9703,Google One,Entertainment,1.99,
2026-05-03,2026-05-04,9703,PCRF.NET,Other Services,5.00,
2026-05-03,2026-05-04,4305,UBER   *TRIP,Other Travel,9.11,
2026-05-02,2026-05-04,9703,TST* MAMAN - MOSAIC,Dining,23.92,
2026-05-02,2026-05-02,9703,CAPITAL ONE AUTOPAY PYMT,Payment/Credit,,1408.19
2026-04-29,2026-05-01,4305,7-ELEVEN 10653,Gas/Automotive,35.28,
2026-04-28,2026-04-30,9703,METRO,Other Travel,6.75,
2026-04-28,2026-04-30,9703,METRO,Other Travel,6.75,
2026-04-27,2026-04-28,9703,SQ *PAKACHI KITCHEN LLC,Dining,63.60,
2026-04-26,2026-04-28,7539,COSTA COFFEE HIA LAND,Dining,12.50,
2026-04-26,2026-04-28,4305,7-ELEVEN 10653,Gas/Automotive,25.80,
2026-04-25,2026-04-27,9703,METRO,Other Travel,2.50,
2026-04-25,2026-04-27,9703,METRO,Other Travel,2.50,
2026-04-25,2026-04-27,9703,TST*FILLI CAFE,Dining,30.41,
2026-04-26,2026-04-27,4305,ETHNC,Merchandise,39.22,
2026-04-26,2026-04-27,4305,ETHNC,Merchandise,66.89,
2026-04-25,2026-04-27,7539,WH Smith Heathr,Merchandise,5.40,
2026-04-25,2026-04-27,7539,PHONE SHOP,Merchandise,13.54,
2026-04-24,2026-04-25,9703,NAIF,Other,10.00,
2026-04-24,2026-04-25,9703,NAIFCENTER DONATION,Other Services,20.00,
2026-04-24,2026-04-25,7539,LIDL GB WOOLWICH,Merchandise,5.98,
2026-04-23,2026-04-25,7539,PRIMARK,Merchandise,6.77,
2026-04-24,2026-04-24,9703,TGTG 98cbv7hs5ctj1,Dining,7.06,
2026-04-22,2026-04-24,9703,TRADER JOE S #646,Merchandise,60.41,
2026-04-23,2026-04-24,7539,TACO BELL,Dining,2.42,
2026-04-22,2026-04-23,9703,AMAZON MKTPL*BJ45U8ZD2,Merchandise,9.01,
2026-04-22,2026-04-23,7539,PLK CHICKEN UK LTD,Dining,6.61,
2026-04-22,2026-04-23,4305,SP ZAIB,Merchandise,95.10,
2026-04-20,2026-04-22,9703,METRO,Other Travel,6.75,
2026-04-20,2026-04-22,9703,METRO,Other Travel,6.75,
2026-04-21,2026-04-22,7539,SAINSBURYS S/MKTS,Merchandise,6.38,
2026-04-21,2026-04-22,7539,UNITED BUTCHERS LTD,Merchandise,9.47,
2026-04-20,2026-04-21,7539,M S BUTCHER,Merchandise,2.72,
2026-04-19,2026-04-20,9703,SQ *HAZEL'S KITCHEN,Dining,26.23,
2026-04-19,2026-04-20,9703,SQ *FARLEY'S COFFEEHOUSE,Dining,10.50,
2026-04-17,2026-04-20,9703,THE INDEPENDENT,Dining,6.52,
2026-04-19,2026-04-20,8885,DRAGONS DEN. LONDON GB,Dining,12.17,
2026-04-19,2026-04-20,9703,Microsoft*Microsoft 365 B,Entertainment,1.99,
2026-04-18,2026-04-20,9703,SQ *ANDYTOWN COFFEE ROAST,Dining,6.25,
2026-04-18,2026-04-20,7539,TESCO STORES 6785,Merchandise,52.17,
2026-04-18,2026-04-20,7539,TESCO STORES 6785,Merchandise,8.16,
2026-04-17,2026-04-18,9703,ISLAMIC CENTER OF SAN FRA,Other Services,20.00,
2026-04-17,2026-04-18,7539,LIDL GB WOOLWICH,Merchandise,10.63,
2026-04-16,2026-04-17,9703,SQ *COFFEESHOP,Dining,11.00,
2026-04-16,2026-04-17,7539,TESCO STORES 6785,Merchandise,13.65,
2026-04-13,2026-04-14,7539,ICELAND,Merchandise,24.54,
2026-04-13,2026-04-14,7539,SAVERS HEALTH & BEAUTY,Health Care,1.74,
2026-04-11,2026-04-13,9703,7-ELEVEN 10653,Gas/Automotive,39.95,
2026-04-12,2026-04-13,7539,LIDL GB WOOLWICH,Merchandise,1.52,
2026-04-12,2026-04-13,7539,UNITED BUTCHERS LTD,Merchandise,9.44,
2026-04-12,2026-04-13,7539,ICELAND,Merchandise,2.70,
2026-04-12,2026-04-13,7539,UNITED VEG,Merchandise,1.35,
2026-04-11,2026-04-13,9703,USPS KIOSK 5142129552,Other Services,11.95,
2026-04-12,2026-04-13,9703,AMAZON RETA* BY0H18MR2,Merchandise,12.66,
2026-04-10,2026-04-11,9703,HARRIS TEETER #0085,Merchandise,2.21,
2026-04-09,2026-04-11,9703,METRO,Other Travel,6.75,
2026-04-09,2026-04-11,9703,METRO,Other Travel,6.75,
2026-04-10,2026-04-11,7539,UNITED BUTCHERS LTD,Merchandise,18.17,
2026-04-10,2026-04-11,7539,UNITED BUTCHERS LTD,Merchandise,9.41,
2026-04-10,2026-04-11,7539,ICELAND,Merchandise,1.35,
2026-04-09,2026-04-10,4305,FAIR PRICE GROCERY AND H,Merchandise,35.14,
2026-04-05,2026-04-06,9703,FAIR PRICE GROCERY AND H,Merchandise,24.37,
2026-04-05,2026-04-06,9703,AMAZON RETA* BC5G30LI1,Merchandise,12.19,
2026-04-04,2026-04-04,9703,AMAZON MKTPL*B76E22EN2,Merchandise,4.23,
2026-04-03,2026-04-04,9703,NAIFCENTER DONATION,Other Services,10.00,
2026-04-03,2026-04-04,9703,Google One,Entertainment,9.99,
2026-04-03,2026-04-04,9703,PCRF.NET,Other Services,5.00,
2026-04-02,2026-04-03,9703,AMAZON MKTPLACE PMTS,Merchandise,,36.02
2026-04-01,2026-04-03,9703,METRO,Other Travel,6.75,
2026-04-01,2026-04-03,9703,METRO,Other Travel,6.75,
2026-04-02,2026-04-03,4305,SQ *CAFE #65191 GEORGETOW,Dining,7.84,
2026-04-02,2026-04-02,9703,CAPITAL ONE AUTOPAY PYMT,Payment/Credit,,161.62
2026-04-01,2026-04-02,9703,SQ *PAKACHI KITCHEN LLC,Dining,38.16,
2026-03-31,2026-04-02,9703,METRO,Other Travel,6.75,
2026-03-31,2026-04-02,9703,METRO,Other Travel,6.75,
2026-03-27,2026-03-30,9703,BAR KANELA,Dining,5.58,
2026-03-27,2026-03-30,9703,SHIPWRECK STUDIOS,Other Services,15.00,
2026-03-27,2026-03-28,9703,WALGREENS #0667,Health Care,12.25,
2026-03-26,2026-03-28,9703,LOS PINOS RESTAURANT 2 IN,Dining,21.90,
2026-03-24,2026-03-25,8885,HUDSON ST1406,Merchandise,6.05,
2026-03-24,2026-03-25,8885,HARRIS TEETER #0085,Merchandise,19.26,
2026-03-22,2026-03-24,9703,TOBACCO MAX & VAPE,Merchandise,35.00,
2026-03-22,2026-03-24,8885,TRADER JOE S #646,Merchandise,48.21,
2026-03-23,2026-03-23,9703,AMAZON MKTPL*BG45D30M2,Merchandise,55.15,
2026-03-22,2026-03-23,9703,FREETAXUSACOM,Professional Services,23.98,
2026-03-22,2026-03-23,8885,FSP*POTOMAC RIVER RUNNING,Merchandise,185.50,
2026-03-21,2026-03-23,8885,HARRIS TEETER #0085,Merchandise,5.04,
2026-03-19,2026-03-21,9703,METRO,Other Travel,6.75,
2026-03-19,2026-03-21,9703,METRO,Other Travel,6.75,
2026-03-19,2026-03-21,8885,H&M  0088MC LEAN,Merchandise,21.30,
2026-03-19,2026-03-20,8885,MARSHALLS #0139,Merchandise,21.19,
2026-03-19,2026-03-20,8885,TJMAXX #0482,Merchandise,45.57,
2026-03-18,2026-03-19,9703,PLAYA BOWLS - RESTON,Dining,15.40,
2026-03-19,2026-03-19,9703,MICROSOFT*MICROSOFT 36,Entertainment,1.99,
2026-03-17,2026-03-18,9703,AMAZON MKTPL*BP2JM3I70,Merchandise,36.02,
2026-03-17,2026-03-18,9703,AMAZON MKTPL*BD2PX50S1,Merchandise,31.79,
2026-03-16,2026-03-18,4305,TRADER JOE S #646,Merchandise,23.26,
2026-03-16,2026-03-17,9703,HARVARD BUS EDUCATION,Merchandise,36.90,
2026-03-15,2026-03-17,9703,7-ELEVEN 10653,Gas/Automotive,35.15,
2026-03-16,2026-03-17,4305,SQ *MG FOODS,Dining,21.69,
2026-03-14,2026-03-16,9703,FAIR PRICE GROCERY AND H,Merchandise,32.10,
2026-03-14,2026-03-16,9703,HELLO 2 INDIA,Merchandise,7.86,
2026-03-14,2026-03-16,8885,SpectrumatRestonTownCe,Other Services,75.00,
2026-03-13,2026-03-14,9703,WHOLEFDS TYC#10647,Merchandise,10.46,
2026-03-13,2026-03-14,9703,NAIF,Other,45.00,
2026-03-13,2026-03-14,9703,NAIF,Other,50.00,
2026-03-13,2026-03-14,9703,AMAZON MKTPL*BD17Y8792,Merchandise,12.70,
2026-03-13,2026-03-14,8885,TJMAXX #0106,Merchandise,34.97,
2026-03-12,2026-03-13,4305,WM SUPERCENTER #2038,Merchandise,37.58,
2026-03-11,2026-03-12,9703,SQ *ROYAL BIRYANI HOUSE,Dining,18.62,
2026-03-10,2026-03-12,9703,METRO,Other Travel,6.75,
2026-03-10,2026-03-12,9703,METRO,Other Travel,6.75,
2026-03-10,2026-03-11,9703,SQ *PAKACHI KITCHEN LLC,Dining,32.86,
2026-03-10,2026-03-10,9703,AMAZON MKTPL*BE7RL6UT0,Merchandise,22.84,
2026-03-10,2026-03-10,9703,AMAZON MKTPL*BP9242EW1,Merchandise,38.11,
2026-03-09,2026-03-10,4305,FAIR PRICE GROCERY AND H,Merchandise,36.97,
2026-03-08,2026-03-09,9703,HARRIS TEETER #0085,Merchandise,2.21,
2026-03-07,2026-03-09,9703,IHOP #3637,Dining,97.97,
2026-03-05,2026-03-06,9703,SQ *PAKACHI KITCHEN LLC,Dining,26.50,
2026-03-04,2026-03-06,9703,METRO,Other Travel,6.75,
2026-03-04,2026-03-06,9703,METRO,Other Travel,6.75,
2026-03-03,2026-03-04,9703,Google One,Entertainment,19.99,
2026-03-03,2026-03-04,9703,PCRF.NET,Other Services,5.00,
2026-03-03,2026-03-03,9703,AMAZON PRIME*KT52Y88D3,Other Services,1.99,
2026-03-01,2026-03-02,9703,FAIR PRICE GROCERY AND H,Merchandise,43.92,
2026-02-27,2026-03-02,9703,TRADER JOE S #646,Merchandise,35.27,
2026-02-24,2026-02-24,9703,NAIFCENTER DONATION,Other Services,15.45,
2026-02-22,2026-02-23,9703,CAPITAL ONE MOBILE PYMT,Payment/Credit,,1182.45
2026-02-20,2026-02-21,9703,NAIF,Other,25.00,
2026-02-20,2026-02-21,9703,SQ *SHOTTED SPECIALTY COF,Dining,35.46,
2026-02-20,2026-02-21,9703,HOMEGOODS #0636,Merchandise,53.90,
2026-02-19,2026-02-21,9703,METRO,Other Travel,6.75,
2026-02-19,2026-02-21,9703,METRO,Other Travel,6.75,
2026-02-20,2026-02-21,4305,FAIR PRICE GROCERY AND H,Merchandise,43.75,
2026-02-19,2026-02-20,9703,Microsoft*Microsoft 365 B,Entertainment,1.99,
2026-02-18,2026-02-19,9703,SQ *PAKACHI KITCHEN LLC,Dining,50.88,
2026-02-17,2026-02-19,9703,METRO,Other Travel,6.75,
2026-02-17,2026-02-19,9703,METRO,Other Travel,6.75,
2026-02-18,2026-02-19,4305,FAIR PRICE GROCERY AND H,Merchandise,24.08,
2026-02-16,2026-02-17,9703,DEPARTMENT MOTOR VEHICLES,Other Services,55.85,
2026-02-16,2026-02-17,9703,HARRIS TEETER #0085,Merchandise,4.22,
2026-02-16,2026-02-17,9703,FAIR PRICE GROCERY AND H,Merchandise,26.14,
2026-02-17,2026-02-17,9703,AMAZON RETA* B17TC1IX2,Merchandise,18.79,
2026-02-14,2026-02-16,9703,PMUSA 304095 LAMBERTVI,Gas/Automotive,5.10,
2026-02-15,2026-02-16,9703,EZPASSVA AUTO REPLENISH,Gas/Automotive,70.00,
2026-02-14,2026-02-16,9703,SUNOCO 0394956702,Gas/Automotive,24.32,
2026-02-14,2026-02-16,9703,SP SUNBEAM GENERAL S,Merchandise,5.83,
2026-02-13,2026-02-14,9703,VICTORIAS SECRET AND C,Merchandise,40.27,
2026-02-13,2026-02-14,9703,WEGMANS RESTON 146,Merchandise,40.88,
2026-02-13,2026-02-14,9703,NAIF,Other,10.00,
2026-02-12,2026-02-13,9703,TACO ZOCALO RESTON,Dining,29.96,
2026-02-09,2026-02-11,9703,METRO,Other Travel,6.75,
2026-02-09,2026-02-11,9703,METRO,Other Travel,6.75,
2026-02-08,2026-02-10,9703,BAKERY MUSEUM & CO,Dining,5.94,
2026-02-07,2026-02-09,9703,AT *SPYMUSEUM,Other Services,,64.44
2026-02-07,2026-02-09,9703,TOWN BARBERSHOP,Other Services,27.00,
2026-02-07,2026-02-09,9703,7-ELEVEN 10653,Gas/Automotive,30.02,
2026-02-07,2026-02-09,9703,TST*FILLI CAFE,Dining,7.87,
2026-02-07,2026-02-09,4305,TRADER JOE S #646,Merchandise,33.12,
2026-02-05,2026-02-07,9703,AT *SPYMUSEUM,Other Services,64.44,
2026-02-06,2026-02-07,9703,NAIF,Other,10.00,
2026-02-05,2026-02-06,4305,FAIR PRICE GROCERY AND H,Merchandise,25.20,
2026-02-03,2026-02-04,9703,HARRIS TEETER #0085,Merchandise,5.04,
2026-02-03,2026-02-04,9703,PY *PCRF,Other Services,5.53,
2026-02-03,2026-02-04,9703,Google One,Entertainment,19.99,
2026-02-02,2026-02-03,9703,LinkedInPreA *49690633,Other Services,34.54,
2026-02-02,2026-02-02,9703,CAPITAL ONE AUTOPAY PYMT,Payment/Credit,,1181.11
2026-02-01,2026-02-02,9703,HARRIS TEETER #0085,Merchandise,19.07,
2026-02-01,2026-02-02,9703,FAIR PRICE GROCERY AND H,Merchandise,20.18,
2026-01-30,2026-01-31,9703,NAIF,Other,20.00,
2026-01-30,2026-01-31,9703,METRO,Other Travel,6.75,
2026-01-29,2026-01-31,9703,METRO,Other Travel,6.75,
2026-01-28,2026-01-29,9703,HARRIS TEETER #0085,Merchandise,5.04,
2026-01-27,2026-01-28,9703,FAIR PRICE GROCERY AND H,Merchandise,8.07,
2026-01-27,2026-01-28,9703,FAIR PRICE GROCERY AND H,Merchandise,37.94,
2026-01-27,2026-01-28,4305,HARRIS TEETER #0085,Merchandise,9.88,
2026-01-24,2026-01-26,9703,SQ *MG FOODS,Dining,4.23,
2026-01-22,2026-01-24,9703,METRO,Other Travel,6.75,
2026-01-22,2026-01-24,9703,METRO,Other Travel,6.75,
2026-01-23,2026-01-24,4305,HARRIS TEETER #0085,Merchandise,12.27,
2026-01-20,2026-01-22,9703,METRO,Other Travel,6.75,
2026-01-20,2026-01-22,9703,METRO,Other Travel,6.75,
2026-01-19,2026-01-20,9703,HARRIS TEETER #0085,Merchandise,4.53,
2026-01-18,2026-01-19,9703,FRONTIER AI FHKWTT,Airfare,39.00,
2026-01-19,2026-01-19,9703,Microsoft*Microsoft 365 B,Entertainment,1.99,
2026-01-18,2026-01-19,9703,Frontier Airlines,Other Travel,20.00,
2026-01-18,2026-01-19,4305,WHOLEFDS RTC 10827,Merchandise,11.82,
2026-01-17,2026-01-19,9703,FAIR PRICE GROCERY AND H,Merchandise,31.72,
2026-01-17,2026-01-17,4305,UBER   *TRIP,Other Travel,23.30,
2026-01-13,2026-01-15,9703,NEIGHBOURHOOD,Dining,4.50,
2026-01-14,2026-01-15,4305,TEMU.COM,Merchandise,24.25,
2026-01-13,2026-01-14,9703,KHAADI PAKISTAN,Merchandise,25.13,
2026-01-13,2026-01-14,4305,LYFT   *RIDE SUN 4PM,Other Travel,,0.40
2026-01-12,2026-01-13,9703,MELBREW,Dining,2.39,
2026-01-10,2026-01-12,9703,SYNC,Dining,3.48,
2026-01-09,2026-01-10,9703,MELBREW,Dining,2.39,
2026-01-07,2026-01-08,9703,Alibaba.com,Merchandise,201.87,
2026-01-03,2026-01-05,9703,PY *PCRF,Other Services,5.53,
2026-01-03,2026-01-05,9703,Google One,Entertainment,19.99,
2026-01-01,2026-01-03,9703,DAHLIA FOODS,Dining,6.04,
2026-01-02,2026-01-03,9703,LinkedInPreA *02388363,Other Services,33.70,
2026-01-02,2026-01-02,9703,CAPITAL ONE AUTOPAY PYMT,Payment/Credit,,32.35
2026-01-01,2026-01-02,9703,THRIFTY TOLL 980506940,Car Rental,42.89,
2025-12-31,2026-01-02,9703,AIRALO,Entertainment,11.19,

